j,Polarity,Coverage,Overlaps,Conflicts
0,"[0, 1]",0.2542664787850321,0.2542664787850321,0.1529669641459214
1,[0],0.009080945670894004,0.009080945670894004,0.008846093627681227
2,[0],0.12259276655706905,0.12259276655706905,0.10842335994989823
3,[0],0.025442304681384063,0.025442304681384063,0.024111476436511663
4,"[0, 1]",1.0,1.0,0.4595271645529983
5,"[0, 1]",1.0,1.0,0.4595271645529983
