j,Polarity,Coverage,Overlaps,Conflicts
0,[1],0.4327620812104369,0.4327620812104369,0.026015130461633472
1,[0],0.02308167361432762,0.02308167361432762,0.022386907518913077
2,"[0, 1]",1.0,0.4448046935309557,0.03736297668673769
